Fri Apr 06 2018 13:46:45 GMT-0400 (EDT), 100
Fri Apr 06 2018 13:46:46 GMT-0400 (EDT), 100
Fri Apr 06 2018 13:46:47 GMT-0400 (EDT), 100
Fri Apr 06 2018 13:46:48 GMT-0400 (EDT), 100
Fri Apr 06 2018 13:46:49 GMT-0400 (EDT), 100
Fri Apr 06 2018 13:46:50 GMT-0400 (EDT), 100
Fri Apr 06 2018 13:46:51 GMT-0400 (EDT), 100
Fri Apr 06 2018 13:55:51 GMT-0400 (EDT), 15
Fri Apr 06 2018 13:55:52 GMT-0400 (EDT), 15
Fri Apr 06 2018 13:55:53 GMT-0400 (EDT), 15
Fri Apr 06 2018 13:55:54 GMT-0400 (EDT), 15
Fri Apr 06 2018 13:55:55 GMT-0400 (EDT), 15
Fri Apr 06 2018 13:55:56 GMT-0400 (EDT), 15
Fri Apr 06 2018 13:55:57 GMT-0400 (EDT), 15
Fri Apr 06 2018 13:55:58 GMT-0400 (EDT), 15
    